--
-- PostgreSQL database dump
--

\restrict aA43F6twRo9Z0pF9BKPp7LhHK3XWUe9xwrOH70hb3daCd3ocdICWibrPnU3rcnX

-- Dumped from database version 16.14 (Ubuntu 16.14-1.pgdg22.04+1)
-- Dumped by pg_dump version 18.4 (Ubuntu 18.4-1.pgdg22.04+1)

SET statement_timeout = 0;
SET lock_timeout = 0;
SET idle_in_transaction_session_timeout = 0;
SET transaction_timeout = 0;
SET client_encoding = 'UTF8';
SET standard_conforming_strings = on;
SELECT pg_catalog.set_config('search_path', '', false);
SET check_function_bodies = false;
SET xmloption = content;
SET client_min_messages = warning;
SET row_security = off;

SET default_tablespace = '';

SET default_table_access_method = heap;

--
-- Name: Alergia_Paciente; Type: TABLE; Schema: public; Owner: postgres
--

CREATE TABLE public."Alergia_Paciente" (
    id_usuario character varying NOT NULL,
    alergia character varying NOT NULL
);


ALTER TABLE public."Alergia_Paciente" OWNER TO postgres;

--
-- Name: Alerta; Type: TABLE; Schema: public; Owner: postgres
--

CREATE TABLE public."Alerta" (
    id_alerta integer NOT NULL,
    id_medicao integer,
    tipo_alerta character varying,
    data_hora timestamp without time zone,
    nivel_critico character varying
);


ALTER TABLE public."Alerta" OWNER TO postgres;

--
-- Name: Alerta_id_alerta_seq; Type: SEQUENCE; Schema: public; Owner: postgres
--

ALTER TABLE public."Alerta" ALTER COLUMN id_alerta ADD GENERATED BY DEFAULT AS IDENTITY (
    SEQUENCE NAME public."Alerta_id_alerta_seq"
    START WITH 1
    INCREMENT BY 1
    NO MINVALUE
    NO MAXVALUE
    CACHE 1
);


--
-- Name: Anotacao; Type: TABLE; Schema: public; Owner: postgres
--

CREATE TABLE public."Anotacao" (
    id_anotacao integer NOT NULL,
    id_consulta integer,
    conteudo text,
    data_hora timestamp without time zone
);


ALTER TABLE public."Anotacao" OWNER TO postgres;

--
-- Name: Anotacao_id_anotacao_seq; Type: SEQUENCE; Schema: public; Owner: postgres
--

ALTER TABLE public."Anotacao" ALTER COLUMN id_anotacao ADD GENERATED BY DEFAULT AS IDENTITY (
    SEQUENCE NAME public."Anotacao_id_anotacao_seq"
    START WITH 1
    INCREMENT BY 1
    NO MINVALUE
    NO MAXVALUE
    CACHE 1
);


--
-- Name: Condicao_Cronica; Type: TABLE; Schema: public; Owner: postgres
--

CREATE TABLE public."Condicao_Cronica" (
    id_usuario character varying NOT NULL,
    condicao character varying NOT NULL
);


ALTER TABLE public."Condicao_Cronica" OWNER TO postgres;

--
-- Name: Consulta; Type: TABLE; Schema: public; Owner: postgres
--

CREATE TABLE public."Consulta" (
    id_consulta integer NOT NULL,
    id_paciente character varying,
    id_profissional character varying,
    data_hora timestamp without time zone,
    modalidade character varying,
    status character varying,
    anotacoes text
);


ALTER TABLE public."Consulta" OWNER TO postgres;

--
-- Name: Consulta_id_consulta_seq; Type: SEQUENCE; Schema: public; Owner: postgres
--

ALTER TABLE public."Consulta" ALTER COLUMN id_consulta ADD GENERATED BY DEFAULT AS IDENTITY (
    SEQUENCE NAME public."Consulta_id_consulta_seq"
    START WITH 1
    INCREMENT BY 1
    NO MINVALUE
    NO MAXVALUE
    CACHE 1
);


--
-- Name: Cuidador; Type: TABLE; Schema: public; Owner: postgres
--

CREATE TABLE public."Cuidador" (
    id_usuario character varying NOT NULL,
    tipo_cuidador character varying,
    relacao_paciente character varying,
    certificacao character varying
);


ALTER TABLE public."Cuidador" OWNER TO postgres;

--
-- Name: Cuidador_Paciente; Type: TABLE; Schema: public; Owner: postgres
--

CREATE TABLE public."Cuidador_Paciente" (
    id_cuidador character varying NOT NULL,
    id_paciente character varying NOT NULL
);


ALTER TABLE public."Cuidador_Paciente" OWNER TO postgres;

--
-- Name: Especialidade_Profissional; Type: TABLE; Schema: public; Owner: postgres
--

CREATE TABLE public."Especialidade_Profissional" (
    id_usuario character varying NOT NULL,
    especialidade character varying NOT NULL
);


ALTER TABLE public."Especialidade_Profissional" OWNER TO postgres;

--
-- Name: Historico_Acesso; Type: TABLE; Schema: public; Owner: postgres
--

CREATE TABLE public."Historico_Acesso" (
    id_acesso integer NOT NULL,
    id_usuario character varying,
    data_hora_acesso timestamp without time zone,
    recurso_acessado character varying,
    tipo_acao character varying
);


ALTER TABLE public."Historico_Acesso" OWNER TO postgres;

--
-- Name: Historico_Acesso_id_acesso_seq; Type: SEQUENCE; Schema: public; Owner: postgres
--

ALTER TABLE public."Historico_Acesso" ALTER COLUMN id_acesso ADD GENERATED BY DEFAULT AS IDENTITY (
    SEQUENCE NAME public."Historico_Acesso_id_acesso_seq"
    START WITH 1
    INCREMENT BY 1
    NO MINVALUE
    NO MAXVALUE
    CACHE 1
);


--
-- Name: Laudo_Clinico; Type: TABLE; Schema: public; Owner: postgres
--

CREATE TABLE public."Laudo_Clinico" (
    id_laudo integer NOT NULL,
    id_paciente character varying,
    id_profissional character varying,
    data_emissao date,
    conteudo text,
    conclusao text
);


ALTER TABLE public."Laudo_Clinico" OWNER TO postgres;

--
-- Name: Laudo_Clinico_id_laudo_seq; Type: SEQUENCE; Schema: public; Owner: postgres
--

ALTER TABLE public."Laudo_Clinico" ALTER COLUMN id_laudo ADD GENERATED BY DEFAULT AS IDENTITY (
    SEQUENCE NAME public."Laudo_Clinico_id_laudo_seq"
    START WITH 1
    INCREMENT BY 1
    NO MINVALUE
    NO MAXVALUE
    CACHE 1
);


--
-- Name: Limite_Referencia; Type: TABLE; Schema: public; Owner: postgres
--

CREATE TABLE public."Limite_Referencia" (
    id_limite integer NOT NULL,
    id_profissional character varying,
    id_paciente character varying,
    tipo_medicao character varying,
    valor_min double precision,
    valor_max double precision,
    data_definicao timestamp without time zone
);


ALTER TABLE public."Limite_Referencia" OWNER TO postgres;

--
-- Name: Limite_Referencia_id_limite_seq; Type: SEQUENCE; Schema: public; Owner: postgres
--

ALTER TABLE public."Limite_Referencia" ALTER COLUMN id_limite ADD GENERATED BY DEFAULT AS IDENTITY (
    SEQUENCE NAME public."Limite_Referencia_id_limite_seq"
    START WITH 1
    INCREMENT BY 1
    NO MINVALUE
    NO MAXVALUE
    CACHE 1
);


--
-- Name: Medicamento_Prescricao; Type: TABLE; Schema: public; Owner: postgres
--

CREATE TABLE public."Medicamento_Prescricao" (
    id_prescricao integer NOT NULL,
    nome character varying NOT NULL,
    dosagem character varying,
    frequencia character varying,
    duracao character varying
);


ALTER TABLE public."Medicamento_Prescricao" OWNER TO postgres;

--
-- Name: Medicao; Type: TABLE; Schema: public; Owner: postgres
--

CREATE TABLE public."Medicao" (
    id_medicao integer NOT NULL,
    id_paciente character varying,
    data_hora timestamp without time zone,
    tipo_medicao character varying,
    valor double precision,
    unidade character varying
);


ALTER TABLE public."Medicao" OWNER TO postgres;

--
-- Name: Medicao_id_medicao_seq; Type: SEQUENCE; Schema: public; Owner: postgres
--

ALTER TABLE public."Medicao" ALTER COLUMN id_medicao ADD GENERATED BY DEFAULT AS IDENTITY (
    SEQUENCE NAME public."Medicao_id_medicao_seq"
    START WITH 1
    INCREMENT BY 1
    NO MINVALUE
    NO MAXVALUE
    CACHE 1
);


--
-- Name: Meta; Type: TABLE; Schema: public; Owner: postgres
--

CREATE TABLE public."Meta" (
    id_meta integer NOT NULL,
    id_paciente character varying,
    tipo_medicao character varying,
    valor_alvo double precision,
    data_inicio date,
    data_prazo date,
    status character varying
);


ALTER TABLE public."Meta" OWNER TO postgres;

--
-- Name: Meta_id_meta_seq; Type: SEQUENCE; Schema: public; Owner: postgres
--

ALTER TABLE public."Meta" ALTER COLUMN id_meta ADD GENERATED BY DEFAULT AS IDENTITY (
    SEQUENCE NAME public."Meta_id_meta_seq"
    START WITH 1
    INCREMENT BY 1
    NO MINVALUE
    NO MAXVALUE
    CACHE 1
);


--
-- Name: Notificacao; Type: TABLE; Schema: public; Owner: postgres
--

CREATE TABLE public."Notificacao" (
    id_notificacao integer NOT NULL,
    id_usuario character varying,
    tipo_notificacao character varying,
    mensagem text,
    data_hora_envio timestamp without time zone,
    canal character varying,
    realizada boolean,
    lida boolean
);


ALTER TABLE public."Notificacao" OWNER TO postgres;

--
-- Name: Notificacao_id_notificacao_seq; Type: SEQUENCE; Schema: public; Owner: postgres
--

ALTER TABLE public."Notificacao" ALTER COLUMN id_notificacao ADD GENERATED BY DEFAULT AS IDENTITY (
    SEQUENCE NAME public."Notificacao_id_notificacao_seq"
    START WITH 1
    INCREMENT BY 1
    NO MINVALUE
    NO MAXVALUE
    CACHE 1
);


--
-- Name: Paciente; Type: TABLE; Schema: public; Owner: postgres
--

CREATE TABLE public."Paciente" (
    id_usuario character varying NOT NULL,
    tipo_sanguineo character varying,
    altura_cm double precision,
    peso_inicial_kg double precision
);


ALTER TABLE public."Paciente" OWNER TO postgres;

--
-- Name: Prescricao; Type: TABLE; Schema: public; Owner: postgres
--

CREATE TABLE public."Prescricao" (
    id_prescricao integer NOT NULL,
    id_paciente character varying,
    id_profissional character varying,
    data_emissao timestamp without time zone,
    observacoes text,
    validade date
);


ALTER TABLE public."Prescricao" OWNER TO postgres;

--
-- Name: Prescricao_id_prescricao_seq; Type: SEQUENCE; Schema: public; Owner: postgres
--

ALTER TABLE public."Prescricao" ALTER COLUMN id_prescricao ADD GENERATED BY DEFAULT AS IDENTITY (
    SEQUENCE NAME public."Prescricao_id_prescricao_seq"
    START WITH 1
    INCREMENT BY 1
    NO MINVALUE
    NO MAXVALUE
    CACHE 1
);


--
-- Name: Profissional_Saude; Type: TABLE; Schema: public; Owner: postgres
--

CREATE TABLE public."Profissional_Saude" (
    id_usuario character varying NOT NULL,
    registro_profissional character varying,
    instituicao character varying,
    tipo_profissional character varying
);


ALTER TABLE public."Profissional_Saude" OWNER TO postgres;

--
-- Name: Telefone_Usuario; Type: TABLE; Schema: public; Owner: postgres
--

CREATE TABLE public."Telefone_Usuario" (
    id_usuario character varying NOT NULL,
    telefone character varying NOT NULL
);


ALTER TABLE public."Telefone_Usuario" OWNER TO postgres;

--
-- Name: Usuario; Type: TABLE; Schema: public; Owner: postgres
--

CREATE TABLE public."Usuario" (
    id character varying NOT NULL,
    nome_completo character varying,
    cpf character varying,
    data_nascimento date,
    email character varying,
    senha character varying,
    rua character varying,
    numero character varying,
    bairro character varying,
    cidade character varying,
    estado character varying,
    cep character varying
);


ALTER TABLE public."Usuario" OWNER TO postgres;

--
-- Data for Name: Alergia_Paciente; Type: TABLE DATA; Schema: public; Owner: postgres
--

COPY public."Alergia_Paciente" (id_usuario, alergia) FROM stdin;
USR001	Penicilina
USR002	Dipirona
USR003	Ácaros
USR004	Frutos do Mar
USR005	Látex
USR006	Amendoim
USR007	Sulfonamidas
USR008	Glúten
USR009	Ibuprofeno
USR010	Contraste Iodado
\.


--
-- Data for Name: Alerta; Type: TABLE DATA; Schema: public; Owner: postgres
--

COPY public."Alerta" (id_alerta, id_medicao, tipo_alerta, data_hora, nivel_critico) FROM stdin;
1	1	Glicemia Alta	2024-01-10 08:05:00	Moderado
2	2	Pressão Elevada	2024-01-10 09:05:00	Alto
3	3	Saturação Baixa	2024-01-11 07:35:00	Alto
4	4	FC Elevada	2024-01-12 10:05:00	Baixo
5	5	Variação de Peso	2024-01-13 08:50:00	Baixo
6	6	Glicemia Limítrofe	2024-01-14 07:05:00	Baixo
7	7	Colesterol Limítrofe	2024-01-15 08:20:00	Moderado
8	8	Creatinina Elevada	2024-01-16 09:35:00	Alto
9	9	Hemoglobina Baixa	2024-01-17 10:05:00	Alto
10	10	Hipertensão Crítica	2024-01-18 08:05:00	Crítico
\.


--
-- Data for Name: Anotacao; Type: TABLE DATA; Schema: public; Owner: postgres
--

COPY public."Anotacao" (id_anotacao, id_consulta, conteudo, data_hora) FROM stdin;
1	1	Paciente relata glicemia controlada após dieta.	2024-02-01 09:30:00
2	2	Losartana aumentada para 100mg.	2024-02-02 11:00:00
3	3	Nova crise de broncospasmo relatada no mês passado.	2024-02-03 08:45:00
4	4	Paciente sente cansaço excessivo.	2024-02-04 14:30:00
5	5	Dores articulares pioraram nos últimos 15 dias.	2024-02-05 11:30:00
6	6	Dieta não seguida corretamente.	2024-02-06 10:00:00
7	7	Paciente iniciou caminhadas diárias.	2024-02-07 09:00:00
8	8	Consulta remarcada para próxima semana.	2024-02-08 10:30:00
9	9	Última crise de falcização há 3 semanas.	2024-02-09 09:30:00
10	10	Exames laboratoriais pendentes.	2024-02-10 11:30:00
\.


--
-- Data for Name: Condicao_Cronica; Type: TABLE DATA; Schema: public; Owner: postgres
--

COPY public."Condicao_Cronica" (id_usuario, condicao) FROM stdin;
USR001	Diabetes Tipo 2
USR002	Hipertensão Arterial
USR003	Asma
USR004	Hipotireoidismo
USR005	Artrite Reumatoide
USR006	Diabetes Tipo 1
USR007	Hipercolesterolemia
USR008	Doença Renal Crônica
USR009	Anemia Falciforme
USR010	Insuficiência Cardíaca
\.


--
-- Data for Name: Consulta; Type: TABLE DATA; Schema: public; Owner: postgres
--

COPY public."Consulta" (id_consulta, id_paciente, id_profissional, data_hora, modalidade, status, anotacoes) FROM stdin;
1	USR001	USR011	2024-02-01 09:00:00	Presencial	Realizada	Paciente relata melhora.
2	USR002	USR012	2024-02-02 10:30:00	Telemedicina	Realizada	Ajuste de dosagem realizado.
3	USR003	USR013	2024-02-03 08:00:00	Presencial	Realizada	Espirometria de controle solicitada.
4	USR004	USR014	2024-02-04 14:00:00	Presencial	Realizada	Exame de TSH solicitado.
5	USR005	USR015	2024-02-05 11:00:00	Telemedicina	Realizada	Fisioterapia recomendada.
6	USR006	USR016	2024-02-06 09:30:00	Presencial	Agendada	Aguardando resultado de HbA1c.
7	USR007	USR017	2024-02-07 08:30:00	Presencial	Realizada	Plano de exercícios entregue.
8	USR008	USR018	2024-02-08 10:00:00	Telemedicina	Cancelada	Paciente não compareceu.
9	USR009	USR019	2024-02-09 09:00:00	Presencial	Realizada	Acompanhamento hematológico.
10	USR010	USR020	2024-02-10 11:00:00	Presencial	Agendada	Ecocardiograma solicitado.
\.


--
-- Data for Name: Cuidador; Type: TABLE DATA; Schema: public; Owner: postgres
--

COPY public."Cuidador" (id_usuario, tipo_cuidador, relacao_paciente, certificacao) FROM stdin;
USR021	Familiar	Filho(a)	\N
USR022	Profissional	Técnico	Técnico de Enfermagem
USR023	Familiar	Cônjuge	\N
USR024	Profissional	Enfermeiro	COREN-RJ-24000
USR025	Familiar	Filho(a)	\N
USR026	Profissional	Cuidador	Certificado SENAC
USR027	Familiar	Irmão/Irmã	\N
USR028	Profissional	Técnico	Técnico de Enfermagem
USR029	Familiar	Neto(a)	\N
USR030	Profissional	Enfermeiro	COREN-BA-30000
\.


--
-- Data for Name: Cuidador_Paciente; Type: TABLE DATA; Schema: public; Owner: postgres
--

COPY public."Cuidador_Paciente" (id_cuidador, id_paciente) FROM stdin;
USR021	USR001
USR022	USR002
USR023	USR003
USR024	USR004
USR025	USR005
USR026	USR006
USR027	USR007
USR028	USR008
USR029	USR009
USR030	USR010
\.


--
-- Data for Name: Especialidade_Profissional; Type: TABLE DATA; Schema: public; Owner: postgres
--

COPY public."Especialidade_Profissional" (id_usuario, especialidade) FROM stdin;
USR011	Clínica Geral
USR012	Endocrinologia
USR013	Nefrologia
USR014	Cardiologia
USR015	Reumatologia
USR016	Nutrição Clínica
USR017	Fisioterapia Ortopédica
USR018	Cardiologia Intervencionista
USR019	Psicologia Clínica
USR020	Neurologia
\.


--
-- Data for Name: Historico_Acesso; Type: TABLE DATA; Schema: public; Owner: postgres
--

COPY public."Historico_Acesso" (id_acesso, id_usuario, data_hora_acesso, recurso_acessado, tipo_acao) FROM stdin;
1	USR001	2024-01-10 07:55:00	Dashboard Paciente	Visualização
2	USR002	2024-01-10 08:55:00	Dashboard Paciente	Visualização
3	USR011	2024-01-10 09:50:00	Prontuário USR001	Leitura
4	USR012	2024-01-11 10:55:00	Prontuário USR002	Leitura
5	USR021	2024-01-12 08:00:00	Medicações USR001	Visualização
6	USR003	2024-01-13 07:25:00	Histórico de Medições	Visualização
7	USR013	2024-01-14 08:55:00	Laudo Clínico USR003	Criação
8	USR004	2024-01-15 09:55:00	Notificações	Leitura
9	USR014	2024-01-16 10:55:00	Prescrição USR004	Criação
10	USR005	2024-01-17 11:55:00	Meta de Peso	Edição
\.


--
-- Data for Name: Laudo_Clinico; Type: TABLE DATA; Schema: public; Owner: postgres
--

COPY public."Laudo_Clinico" (id_laudo, id_paciente, id_profissional, data_emissao, conteudo, conclusao) FROM stdin;
1	USR001	USR011	2024-01-20	HbA1c = 7.2%, glicemia em jejum 118 mg/dL.	Diabetes tipo 2 em controle parcial.
2	USR002	USR012	2024-01-21	PA 150/95 mmHg. ECG normal.	Hipertensão controlada com medicação.
3	USR003	USR013	2024-01-22	Espirometria: CVF 78%, VEF1 72%.	Asma persistente moderada.
4	USR004	USR014	2024-01-23	TSH 5.8 uUI/mL, T4L normal.	Hipotireoidismo subclínico.
5	USR005	USR015	2024-01-24	PCR 22 mg/L, VHS elevado.	Artrite reumatoide ativa.
6	USR006	USR016	2024-01-25	Glicemia pós-prandial 180 mg/dL.	Controle glicêmico irregular.
7	USR007	USR017	2024-01-26	LDL 148 mg/dL, HDL 38 mg/dL.	Dislipidemia mista.
8	USR008	USR018	2024-01-27	Creatinina 2.1 mg/dL, TFG 35 mL/min.	DRC estágio 3.
9	USR009	USR019	2024-01-28	Hemoglobina 8.2 g/dL, eletroforese confirma HbSS.	Anemia falciforme com crise recente.
10	USR010	USR020	2024-01-29	FE 38%, BNP elevado.	Insuficiência cardíaca sistólica.
\.


--
-- Data for Name: Limite_Referencia; Type: TABLE DATA; Schema: public; Owner: postgres
--

COPY public."Limite_Referencia" (id_limite, id_profissional, id_paciente, tipo_medicao, valor_min, valor_max, data_definicao) FROM stdin;
1	USR011	USR001	Glicemia	70	130	2024-01-10 10:00:00
2	USR012	USR002	Pressão Arterial	100	140	2024-01-11 11:00:00
3	USR013	USR003	Saturação O2	92	100	2024-01-12 09:00:00
4	USR014	USR004	Frequência Cardíaca	60	90	2024-01-13 14:00:00
5	USR015	USR005	Peso	55	70	2024-01-14 08:30:00
6	USR016	USR006	Glicemia	70	120	2024-01-15 10:00:00
7	USR017	USR007	Colesterol Total	0	200	2024-01-16 09:00:00
8	USR018	USR008	Creatinina	0.6	1.2	2024-01-17 11:30:00
9	USR019	USR009	Hemoglobina	12	17	2024-01-18 10:00:00
10	USR020	USR010	Pressão Arterial	100	130	2024-01-19 09:00:00
\.


--
-- Data for Name: Medicamento_Prescricao; Type: TABLE DATA; Schema: public; Owner: postgres
--

COPY public."Medicamento_Prescricao" (id_prescricao, nome, dosagem, frequencia, duracao) FROM stdin;
1	Metformina	850mg	2x ao dia	6 meses
2	Losartana	50mg	1x ao dia	6 meses
3	Salbutamol	100mcg	Quando necessário	6 meses
4	Levotiroxina	50mcg	1x ao dia (jejum)	12 meses
5	Metotrexato	10mg	1x por semana	3 meses
6	Insulina Glargina	20UI	1x ao dia	6 meses
7	Sinvastatina	40mg	1x ao dia (noite)	3 meses
8	Furosemida	40mg	1x ao dia	6 meses
9	Ácido Fólico	5mg	1x ao dia	6 meses
10	Carvedilol	12.5mg	2x ao dia	6 meses
\.


--
-- Data for Name: Medicao; Type: TABLE DATA; Schema: public; Owner: postgres
--

COPY public."Medicao" (id_medicao, id_paciente, data_hora, tipo_medicao, valor, unidade) FROM stdin;
1	USR001	2024-01-10 08:00:00	Glicemia	120.5	mg/dL
2	USR002	2024-01-10 09:00:00	Pressão Arterial	140	mmHg
3	USR003	2024-01-11 07:30:00	Saturação O2	95	%
4	USR004	2024-01-12 10:00:00	Frequência Cardíaca	72	bpm
5	USR005	2024-01-13 08:45:00	Peso	60.2	kg
6	USR006	2024-01-14 07:00:00	Glicemia	105	mg/dL
7	USR007	2024-01-15 08:15:00	Colesterol Total	195	mg/dL
8	USR008	2024-01-16 09:30:00	Creatinina	1.8	mg/dL
9	USR009	2024-01-17 10:00:00	Hemoglobina	9.5	g/dL
10	USR010	2024-01-18 08:00:00	Pressão Arterial	160	mmHg
\.


--
-- Data for Name: Meta; Type: TABLE DATA; Schema: public; Owner: postgres
--

COPY public."Meta" (id_meta, id_paciente, tipo_medicao, valor_alvo, data_inicio, data_prazo, status) FROM stdin;
1	USR001	Glicemia	100	2024-01-10	2024-07-10	Em andamento
2	USR002	Pressão Arterial	120	2024-01-11	2024-07-11	Em andamento
3	USR003	Saturação O2	97	2024-01-12	2024-06-12	Em andamento
4	USR004	Frequência Cardíaca	70	2024-01-13	2024-04-13	Atingida
5	USR005	Peso	58	2024-01-14	2024-07-14	Em andamento
6	USR006	Glicemia	90	2024-01-15	2024-07-15	Em andamento
7	USR007	Colesterol Total	180	2024-01-16	2024-04-16	Em andamento
8	USR008	Creatinina	1.4	2024-01-17	2024-07-17	Em andamento
9	USR009	Hemoglobina	10	2024-01-18	2024-07-18	Em andamento
10	USR010	Pressão Arterial	125	2024-01-19	2024-07-19	Em andamento
\.


--
-- Data for Name: Notificacao; Type: TABLE DATA; Schema: public; Owner: postgres
--

COPY public."Notificacao" (id_notificacao, id_usuario, tipo_notificacao, mensagem, data_hora_envio, canal, realizada, lida) FROM stdin;
1	USR001	Alerta	Glicemia acima do limite. Verifique sua medicação.	2024-01-10 08:10:00	App	t	t
2	USR002	Alerta	Pressão arterial elevada detectada.	2024-01-10 09:10:00	SMS	t	t
3	USR003	Lembrete	Tomar medicação às 08h.	2024-01-11 08:00:00	App	t	f
4	USR004	Lembrete	Consulta amanhã às 14h com Dr. Oscar.	2024-01-12 18:00:00	Email	t	t
5	USR005	Alerta	Variação de peso registrada.	2024-01-13 09:00:00	App	t	f
6	USR006	Lembrete	Realizar medição de glicemia em jejum.	2024-01-14 07:30:00	App	f	f
7	USR007	Relatório	Resumo semanal de saúde disponível.	2024-01-15 09:00:00	Email	t	t
8	USR008	Alerta	Creatinina acima do limite de referência.	2024-01-16 09:40:00	SMS	t	t
9	USR009	Lembrete	Consulta hematológica agendada para amanhã.	2024-01-17 18:00:00	App	t	t
10	USR010	Alerta	Pressão arterial crítica. Procure atendimento.	2024-01-18 08:10:00	SMS	t	f
\.


--
-- Data for Name: Paciente; Type: TABLE DATA; Schema: public; Owner: postgres
--

COPY public."Paciente" (id_usuario, tipo_sanguineo, altura_cm, peso_inicial_kg) FROM stdin;
USR001	A+	165	62.5
USR002	O-	178.5	80
USR003	B+	160	55.3
USR004	AB+	175	73.8
USR005	O+	168	60
USR006	A-	172	68
USR007	B-	163.5	57.2
USR008	AB-	180	90.5
USR009	O+	155	48.7
USR010	A+	170	75
\.


--
-- Data for Name: Prescricao; Type: TABLE DATA; Schema: public; Owner: postgres
--

COPY public."Prescricao" (id_prescricao, id_paciente, id_profissional, data_emissao, observacoes, validade) FROM stdin;
1	USR001	USR011	2024-01-10 10:00:00	Controle de glicemia em jejum.	2024-07-10
2	USR002	USR012	2024-01-11 11:00:00	Monitorar PA diariamente.	2024-07-11
3	USR003	USR013	2024-01-12 09:00:00	Uso contínuo do broncodilatador.	2024-06-12
4	USR004	USR014	2024-01-13 14:00:00	Reposição hormonal - TSH trimestral.	2024-10-13
5	USR005	USR015	2024-01-14 08:30:00	Evitar esforço físico intenso.	2024-04-14
6	USR006	USR016	2024-01-15 10:00:00	Dieta hipoglicídica.	2024-07-15
7	USR007	USR017	2024-01-16 09:00:00	Exercícios de baixo impacto.	2024-04-16
8	USR008	USR018	2024-01-17 11:30:00	Restrição hídrica 1.5L/dia.	2024-07-17
9	USR009	USR019	2024-01-18 10:00:00	Suplementação de ácido fólico.	2024-07-18
10	USR010	USR020	2024-01-19 09:00:00	Controle rigoroso da PA.	2024-07-19
\.


--
-- Data for Name: Profissional_Saude; Type: TABLE DATA; Schema: public; Owner: postgres
--

COPY public."Profissional_Saude" (id_usuario, registro_profissional, instituicao, tipo_profissional) FROM stdin;
USR011	CRM-SP-111111	Hospital São Lucas	Médico
USR012	CRM-RJ-222222	Clínica Vida	Médico
USR013	CRM-MG-333333	Hospital das Clínicas MG	Médico
USR014	CRM-BA-444444	Hospital Santa Izabel	Médico
USR015	CRM-PE-555555	Clínica Saúde Total	Médico
USR016	CRN-CE-666666	Centro de Nutrição CE	Nutricionista
USR017	CREFITO-RS-77	Fisio Clínica Sul	Fisioterapeuta
USR018	CRM-SP-888888	Instituto do Coração	Cardiologista
USR019	CRP-AM-999999	Clínica Mente Sã	Psicólogo
USR020	CRM-SP-000000	Hospital Alemão Oswaldo Cruz	Médico
		\N	
\.


--
-- Data for Name: Telefone_Usuario; Type: TABLE DATA; Schema: public; Owner: postgres
--

COPY public."Telefone_Usuario" (id_usuario, telefone) FROM stdin;
USR001	(11) 91111-0001
USR002	(21) 92222-0002
USR003	(41) 93333-0003
USR004	(11) 94444-0004
USR005	(48) 95555-0005
USR006	(11) 96666-0006
USR007	(31) 97777-0007
USR008	(81) 98888-0008
USR009	(85) 99999-0009
USR010	(51) 90000-0010
\.


--
-- Data for Name: Usuario; Type: TABLE DATA; Schema: public; Owner: postgres
--

COPY public."Usuario" (id, nome_completo, cpf, data_nascimento, email, senha, rua, numero, bairro, cidade, estado, cep) FROM stdin;
USR001	Ana Paula Ferreira	111.111.111-01	1990-03-15	ana.ferreira@email.com	hash_senha_1	Rua das Flores	12	Centro	São Paulo	SP	01001-000
USR002	Bruno Costa Lima	222.222.222-02	1985-07-22	bruno.lima@email.com	hash_senha_2	Av. Brasil	450	Jardim América	Rio de Janeiro	RJ	20040-020
USR003	Carla Mendes Santos	333.333.333-03	1978-11-05	carla.santos@email.com	hash_senha_3	Rua do Comércio	88	Boa Vista	Curitiba	PR	80020-100
USR004	Daniel Rocha Alves	444.444.444-04	1992-01-30	daniel.alves@email.com	hash_senha_4	Rua Ipiranga	201	Ipiranga	São Paulo	SP	04266-000
USR005	Elisa Nunes Barbosa	555.555.555-05	1995-06-18	elisa.barbosa@email.com	hash_senha_5	Rua XV de Novembro	33	Centro	Florianópolis	SC	88010-400
USR006	Fernando Sousa Dias	666.666.666-06	1980-09-10	fernando.dias@email.com	hash_senha_6	Alameda Santos	789	Jardins	São Paulo	SP	01419-000
USR007	Gabriela Torres Cruz	777.777.777-07	1987-04-25	gabriela.cruz@email.com	hash_senha_7	Rua Bahia	55	Funcionários	Belo Horizonte	MG	30160-011
USR008	Henrique Pinto Melo	888.888.888-08	1973-12-03	henrique.melo@email.com	hash_senha_8	Rua da Paz	102	Boa Viagem	Recife	PE	51021-270
USR009	Isabela Cardoso Reis	999.999.999-09	2000-08-14	isabela.reis@email.com	hash_senha_9	Rua Amazonas	7	Aldeota	Fortaleza	CE	60160-190
USR010	João Victor Machado	101.010.101-10	1968-02-28	joao.machado@email.com	hash_senha_0	Av. Getúlio Vargas	300	Centro	Porto Alegre	RS	90010-300
USR011	Laura Pinheiro Gomes	011.011.011-11	1975-05-20	laura.gomes@clinica.com	hash_prof_1	Av. Paulista	1000	Bela Vista	São Paulo	SP	01310-100
USR012	Marcos Vieira Lopes	012.012.012-12	1970-03-08	marcos.lopes@clinica.com	hash_prof_2	Rua Voluntários	250	Botafogo	Rio de Janeiro	RJ	22270-010
USR013	Natália Assis Freitas	013.013.013-13	1983-09-17	natalia.freitas@hosp.com	hash_prof_3	Rua Paraíba	600	Savassi	Belo Horizonte	MG	30130-141
USR014	Oscar Braga Teixeira	014.014.014-14	1968-07-12	oscar.teixeira@hosp.com	hash_prof_4	Rua Sete de Set.	90	Centro	Salvador	BA	40080-000
USR015	Patricia Ramos Cunha	015.015.015-15	1979-01-25	patricia.cunha@clinica.com	hash_prof_5	Av. Boa Viagem	3300	Boa Viagem	Recife	PE	51110-000
USR016	Renato Faria Monteiro	016.016.016-16	1972-11-30	renato.monteiro@hosp.com	hash_prof_6	Rua José Alencar	45	Meireles	Fortaleza	CE	60165-120
USR017	Simone Duarte Campos	017.017.017-17	1986-06-04	simone.campos@clinica.com	hash_prof_7	Rua Tenente Ney	18	Menino Deus	Porto Alegre	RS	90130-060
USR018	Thiago Moreira Silveira	018.018.018-18	1977-08-19	thiago.silveira@hosp.com	hash_prof_8	Av. Rebouças	800	Pinheiros	São Paulo	SP	05402-100
USR019	Úrsula Matos Carneiro	019.019.019-19	1990-04-02	ursula.carneiro@clinica.com	hash_prof_9	Rua Dom Pedro I	210	Centro	Manaus	AM	69010-060
USR020	Vinícius Lima Azevedo	020.020.020-20	1981-12-15	vinicius.azevedo@hosp.com	hash_prof_0	Av. Tiradentes	550	Pompeia	São Paulo	SP	01102-000
USR021	Alice Ferraz Batista	021.021.021-21	1998-02-10	alice.batista@email.com	hash_cui_1	Rua das Acácias	5	Vila Nova	São Paulo	SP	03002-000
USR022	Bento Gomes Figueira	022.022.022-22	1993-07-07	bento.figueira@email.com	hash_cui_2	Rua São João	23	Lapa	São Paulo	SP	05075-000
USR023	Cecília Luz Pedrosa	023.023.023-23	1970-10-28	cecilia.pedrosa@email.com	hash_cui_3	Rua Marechal	67	Centro	Campinas	SP	13010-050
USR024	Diego Maia Correia	024.024.024-24	1985-03-14	diego.correia@email.com	hash_cui_4	Av. Rio Branco	1200	Centro	Rio de Janeiro	RJ	20040-001
USR025	Eduarda Prado Vargas	025.025.025-25	2001-11-19	eduarda.vargas@email.com	hash_cui_5	Rua Tuiuti	88	Tatuapé	São Paulo	SP	03307-000
USR026	Fábio Henrique Rocha	026.026.026-26	1976-06-06	fabio.rocha@email.com	hash_cui_6	Rua das Laranjeiras	14	Laranjeiras	Rio de Janeiro	RJ	22240-000
USR027	Giovana Sales Ribeiro	027.027.027-27	1989-09-09	giovana.ribeiro@email.com	hash_cui_7	Rua Esperança	200	Pinheirinho	Curitiba	PR	81810-000
USR028	Hélio Queiroz Aragão	028.028.028-28	1962-01-01	helio.aragao@email.com	hash_cui_8	Rua Tianguá	39	Messejana	Fortaleza	CE	60871-080
USR029	Ingrid Nobre Castelo	029.029.029-29	1997-04-30	ingrid.castelo@email.com	hash_cui_9	Av. Domingos Ferr.	450	Papicu	Fortaleza	CE	60175-095
USR030	Jorge Leal Wanderley	030.030.030-30	1955-08-08	jorge.wanderley@email.com	hash_cui_0	Rua Barão de Jaguaripe	11	Amaralina	Salvador	BA	41900-340
		\N	\N	\N	\N	\N	\N	\N	\N	\N	\N
\.


--
-- Name: Alerta_id_alerta_seq; Type: SEQUENCE SET; Schema: public; Owner: postgres
--

SELECT pg_catalog.setval('public."Alerta_id_alerta_seq"', 10, true);


--
-- Name: Anotacao_id_anotacao_seq; Type: SEQUENCE SET; Schema: public; Owner: postgres
--

SELECT pg_catalog.setval('public."Anotacao_id_anotacao_seq"', 10, true);


--
-- Name: Consulta_id_consulta_seq; Type: SEQUENCE SET; Schema: public; Owner: postgres
--

SELECT pg_catalog.setval('public."Consulta_id_consulta_seq"', 11, true);


--
-- Name: Historico_Acesso_id_acesso_seq; Type: SEQUENCE SET; Schema: public; Owner: postgres
--

SELECT pg_catalog.setval('public."Historico_Acesso_id_acesso_seq"', 10, true);


--
-- Name: Laudo_Clinico_id_laudo_seq; Type: SEQUENCE SET; Schema: public; Owner: postgres
--

SELECT pg_catalog.setval('public."Laudo_Clinico_id_laudo_seq"', 10, true);


--
-- Name: Limite_Referencia_id_limite_seq; Type: SEQUENCE SET; Schema: public; Owner: postgres
--

SELECT pg_catalog.setval('public."Limite_Referencia_id_limite_seq"', 10, true);


--
-- Name: Medicao_id_medicao_seq; Type: SEQUENCE SET; Schema: public; Owner: postgres
--

SELECT pg_catalog.setval('public."Medicao_id_medicao_seq"', 10, true);


--
-- Name: Meta_id_meta_seq; Type: SEQUENCE SET; Schema: public; Owner: postgres
--

SELECT pg_catalog.setval('public."Meta_id_meta_seq"', 10, true);


--
-- Name: Notificacao_id_notificacao_seq; Type: SEQUENCE SET; Schema: public; Owner: postgres
--

SELECT pg_catalog.setval('public."Notificacao_id_notificacao_seq"', 10, true);


--
-- Name: Prescricao_id_prescricao_seq; Type: SEQUENCE SET; Schema: public; Owner: postgres
--

SELECT pg_catalog.setval('public."Prescricao_id_prescricao_seq"', 11, true);


--
-- Name: Alergia_Paciente Alergia_Paciente_pkey; Type: CONSTRAINT; Schema: public; Owner: postgres
--

ALTER TABLE ONLY public."Alergia_Paciente"
    ADD CONSTRAINT "Alergia_Paciente_pkey" PRIMARY KEY (id_usuario, alergia);


--
-- Name: Alerta Alerta_pkey; Type: CONSTRAINT; Schema: public; Owner: postgres
--

ALTER TABLE ONLY public."Alerta"
    ADD CONSTRAINT "Alerta_pkey" PRIMARY KEY (id_alerta);


--
-- Name: Anotacao Anotacao_pkey; Type: CONSTRAINT; Schema: public; Owner: postgres
--

ALTER TABLE ONLY public."Anotacao"
    ADD CONSTRAINT "Anotacao_pkey" PRIMARY KEY (id_anotacao);


--
-- Name: Condicao_Cronica Condicao_Cronica_pkey; Type: CONSTRAINT; Schema: public; Owner: postgres
--

ALTER TABLE ONLY public."Condicao_Cronica"
    ADD CONSTRAINT "Condicao_Cronica_pkey" PRIMARY KEY (id_usuario, condicao);


--
-- Name: Consulta Consulta_pkey; Type: CONSTRAINT; Schema: public; Owner: postgres
--

ALTER TABLE ONLY public."Consulta"
    ADD CONSTRAINT "Consulta_pkey" PRIMARY KEY (id_consulta);


--
-- Name: Cuidador_Paciente Cuidador_Paciente_pkey; Type: CONSTRAINT; Schema: public; Owner: postgres
--

ALTER TABLE ONLY public."Cuidador_Paciente"
    ADD CONSTRAINT "Cuidador_Paciente_pkey" PRIMARY KEY (id_cuidador, id_paciente);


--
-- Name: Cuidador Cuidador_pkey; Type: CONSTRAINT; Schema: public; Owner: postgres
--

ALTER TABLE ONLY public."Cuidador"
    ADD CONSTRAINT "Cuidador_pkey" PRIMARY KEY (id_usuario);


--
-- Name: Especialidade_Profissional Especialidade_Profissional_pkey; Type: CONSTRAINT; Schema: public; Owner: postgres
--

ALTER TABLE ONLY public."Especialidade_Profissional"
    ADD CONSTRAINT "Especialidade_Profissional_pkey" PRIMARY KEY (id_usuario, especialidade);


--
-- Name: Historico_Acesso Historico_Acesso_pkey; Type: CONSTRAINT; Schema: public; Owner: postgres
--

ALTER TABLE ONLY public."Historico_Acesso"
    ADD CONSTRAINT "Historico_Acesso_pkey" PRIMARY KEY (id_acesso);


--
-- Name: Laudo_Clinico Laudo_Clinico_pkey; Type: CONSTRAINT; Schema: public; Owner: postgres
--

ALTER TABLE ONLY public."Laudo_Clinico"
    ADD CONSTRAINT "Laudo_Clinico_pkey" PRIMARY KEY (id_laudo);


--
-- Name: Limite_Referencia Limite_Referencia_pkey; Type: CONSTRAINT; Schema: public; Owner: postgres
--

ALTER TABLE ONLY public."Limite_Referencia"
    ADD CONSTRAINT "Limite_Referencia_pkey" PRIMARY KEY (id_limite);


--
-- Name: Medicamento_Prescricao Medicamento_Prescricao_pkey; Type: CONSTRAINT; Schema: public; Owner: postgres
--

ALTER TABLE ONLY public."Medicamento_Prescricao"
    ADD CONSTRAINT "Medicamento_Prescricao_pkey" PRIMARY KEY (id_prescricao, nome);


--
-- Name: Medicao Medicao_pkey; Type: CONSTRAINT; Schema: public; Owner: postgres
--

ALTER TABLE ONLY public."Medicao"
    ADD CONSTRAINT "Medicao_pkey" PRIMARY KEY (id_medicao);


--
-- Name: Meta Meta_pkey; Type: CONSTRAINT; Schema: public; Owner: postgres
--

ALTER TABLE ONLY public."Meta"
    ADD CONSTRAINT "Meta_pkey" PRIMARY KEY (id_meta);


--
-- Name: Notificacao Notificacao_pkey; Type: CONSTRAINT; Schema: public; Owner: postgres
--

ALTER TABLE ONLY public."Notificacao"
    ADD CONSTRAINT "Notificacao_pkey" PRIMARY KEY (id_notificacao);


--
-- Name: Paciente Paciente_pkey; Type: CONSTRAINT; Schema: public; Owner: postgres
--

ALTER TABLE ONLY public."Paciente"
    ADD CONSTRAINT "Paciente_pkey" PRIMARY KEY (id_usuario);


--
-- Name: Prescricao Prescricao_pkey; Type: CONSTRAINT; Schema: public; Owner: postgres
--

ALTER TABLE ONLY public."Prescricao"
    ADD CONSTRAINT "Prescricao_pkey" PRIMARY KEY (id_prescricao);


--
-- Name: Profissional_Saude Profissional_Saude_pkey; Type: CONSTRAINT; Schema: public; Owner: postgres
--

ALTER TABLE ONLY public."Profissional_Saude"
    ADD CONSTRAINT "Profissional_Saude_pkey" PRIMARY KEY (id_usuario);


--
-- Name: Profissional_Saude Profissional_Saude_registro_profissional_key; Type: CONSTRAINT; Schema: public; Owner: postgres
--

ALTER TABLE ONLY public."Profissional_Saude"
    ADD CONSTRAINT "Profissional_Saude_registro_profissional_key" UNIQUE (registro_profissional);


--
-- Name: Telefone_Usuario Telefone_Usuario_pkey; Type: CONSTRAINT; Schema: public; Owner: postgres
--

ALTER TABLE ONLY public."Telefone_Usuario"
    ADD CONSTRAINT "Telefone_Usuario_pkey" PRIMARY KEY (id_usuario, telefone);


--
-- Name: Usuario Usuario_cpf_key; Type: CONSTRAINT; Schema: public; Owner: postgres
--

ALTER TABLE ONLY public."Usuario"
    ADD CONSTRAINT "Usuario_cpf_key" UNIQUE (cpf);


--
-- Name: Usuario Usuario_email_key; Type: CONSTRAINT; Schema: public; Owner: postgres
--

ALTER TABLE ONLY public."Usuario"
    ADD CONSTRAINT "Usuario_email_key" UNIQUE (email);


--
-- Name: Usuario Usuario_pkey; Type: CONSTRAINT; Schema: public; Owner: postgres
--

ALTER TABLE ONLY public."Usuario"
    ADD CONSTRAINT "Usuario_pkey" PRIMARY KEY (id);


--
-- Name: Alergia_Paciente Alergia_Paciente_id_usuario_fkey; Type: FK CONSTRAINT; Schema: public; Owner: postgres
--

ALTER TABLE ONLY public."Alergia_Paciente"
    ADD CONSTRAINT "Alergia_Paciente_id_usuario_fkey" FOREIGN KEY (id_usuario) REFERENCES public."Paciente"(id_usuario) DEFERRABLE;


--
-- Name: Alerta Alerta_id_medicao_fkey; Type: FK CONSTRAINT; Schema: public; Owner: postgres
--

ALTER TABLE ONLY public."Alerta"
    ADD CONSTRAINT "Alerta_id_medicao_fkey" FOREIGN KEY (id_medicao) REFERENCES public."Medicao"(id_medicao) DEFERRABLE;


--
-- Name: Anotacao Anotacao_id_consulta_fkey; Type: FK CONSTRAINT; Schema: public; Owner: postgres
--

ALTER TABLE ONLY public."Anotacao"
    ADD CONSTRAINT "Anotacao_id_consulta_fkey" FOREIGN KEY (id_consulta) REFERENCES public."Consulta"(id_consulta) DEFERRABLE;


--
-- Name: Condicao_Cronica Condicao_Cronica_id_usuario_fkey; Type: FK CONSTRAINT; Schema: public; Owner: postgres
--

ALTER TABLE ONLY public."Condicao_Cronica"
    ADD CONSTRAINT "Condicao_Cronica_id_usuario_fkey" FOREIGN KEY (id_usuario) REFERENCES public."Paciente"(id_usuario) DEFERRABLE;


--
-- Name: Consulta Consulta_id_paciente_fkey; Type: FK CONSTRAINT; Schema: public; Owner: postgres
--

ALTER TABLE ONLY public."Consulta"
    ADD CONSTRAINT "Consulta_id_paciente_fkey" FOREIGN KEY (id_paciente) REFERENCES public."Paciente"(id_usuario) DEFERRABLE;


--
-- Name: Consulta Consulta_id_profissional_fkey; Type: FK CONSTRAINT; Schema: public; Owner: postgres
--

ALTER TABLE ONLY public."Consulta"
    ADD CONSTRAINT "Consulta_id_profissional_fkey" FOREIGN KEY (id_profissional) REFERENCES public."Profissional_Saude"(id_usuario) DEFERRABLE;


--
-- Name: Cuidador_Paciente Cuidador_Paciente_id_cuidador_fkey; Type: FK CONSTRAINT; Schema: public; Owner: postgres
--

ALTER TABLE ONLY public."Cuidador_Paciente"
    ADD CONSTRAINT "Cuidador_Paciente_id_cuidador_fkey" FOREIGN KEY (id_cuidador) REFERENCES public."Cuidador"(id_usuario) DEFERRABLE;


--
-- Name: Cuidador_Paciente Cuidador_Paciente_id_paciente_fkey; Type: FK CONSTRAINT; Schema: public; Owner: postgres
--

ALTER TABLE ONLY public."Cuidador_Paciente"
    ADD CONSTRAINT "Cuidador_Paciente_id_paciente_fkey" FOREIGN KEY (id_paciente) REFERENCES public."Paciente"(id_usuario) DEFERRABLE;


--
-- Name: Cuidador Cuidador_id_usuario_fkey; Type: FK CONSTRAINT; Schema: public; Owner: postgres
--

ALTER TABLE ONLY public."Cuidador"
    ADD CONSTRAINT "Cuidador_id_usuario_fkey" FOREIGN KEY (id_usuario) REFERENCES public."Usuario"(id) DEFERRABLE;


--
-- Name: Especialidade_Profissional Especialidade_Profissional_id_usuario_fkey; Type: FK CONSTRAINT; Schema: public; Owner: postgres
--

ALTER TABLE ONLY public."Especialidade_Profissional"
    ADD CONSTRAINT "Especialidade_Profissional_id_usuario_fkey" FOREIGN KEY (id_usuario) REFERENCES public."Profissional_Saude"(id_usuario) DEFERRABLE;


--
-- Name: Historico_Acesso Historico_Acesso_id_usuario_fkey; Type: FK CONSTRAINT; Schema: public; Owner: postgres
--

ALTER TABLE ONLY public."Historico_Acesso"
    ADD CONSTRAINT "Historico_Acesso_id_usuario_fkey" FOREIGN KEY (id_usuario) REFERENCES public."Usuario"(id) DEFERRABLE;


--
-- Name: Laudo_Clinico Laudo_Clinico_id_paciente_fkey; Type: FK CONSTRAINT; Schema: public; Owner: postgres
--

ALTER TABLE ONLY public."Laudo_Clinico"
    ADD CONSTRAINT "Laudo_Clinico_id_paciente_fkey" FOREIGN KEY (id_paciente) REFERENCES public."Paciente"(id_usuario) DEFERRABLE;


--
-- Name: Laudo_Clinico Laudo_Clinico_id_profissional_fkey; Type: FK CONSTRAINT; Schema: public; Owner: postgres
--

ALTER TABLE ONLY public."Laudo_Clinico"
    ADD CONSTRAINT "Laudo_Clinico_id_profissional_fkey" FOREIGN KEY (id_profissional) REFERENCES public."Profissional_Saude"(id_usuario) DEFERRABLE;


--
-- Name: Limite_Referencia Limite_Referencia_id_paciente_fkey; Type: FK CONSTRAINT; Schema: public; Owner: postgres
--

ALTER TABLE ONLY public."Limite_Referencia"
    ADD CONSTRAINT "Limite_Referencia_id_paciente_fkey" FOREIGN KEY (id_paciente) REFERENCES public."Paciente"(id_usuario) DEFERRABLE;


--
-- Name: Limite_Referencia Limite_Referencia_id_profissional_fkey; Type: FK CONSTRAINT; Schema: public; Owner: postgres
--

ALTER TABLE ONLY public."Limite_Referencia"
    ADD CONSTRAINT "Limite_Referencia_id_profissional_fkey" FOREIGN KEY (id_profissional) REFERENCES public."Profissional_Saude"(id_usuario) DEFERRABLE;


--
-- Name: Medicamento_Prescricao Medicamento_Prescricao_id_prescricao_fkey; Type: FK CONSTRAINT; Schema: public; Owner: postgres
--

ALTER TABLE ONLY public."Medicamento_Prescricao"
    ADD CONSTRAINT "Medicamento_Prescricao_id_prescricao_fkey" FOREIGN KEY (id_prescricao) REFERENCES public."Prescricao"(id_prescricao) DEFERRABLE;


--
-- Name: Medicao Medicao_id_paciente_fkey; Type: FK CONSTRAINT; Schema: public; Owner: postgres
--

ALTER TABLE ONLY public."Medicao"
    ADD CONSTRAINT "Medicao_id_paciente_fkey" FOREIGN KEY (id_paciente) REFERENCES public."Paciente"(id_usuario) DEFERRABLE;


--
-- Name: Meta Meta_id_paciente_fkey; Type: FK CONSTRAINT; Schema: public; Owner: postgres
--

ALTER TABLE ONLY public."Meta"
    ADD CONSTRAINT "Meta_id_paciente_fkey" FOREIGN KEY (id_paciente) REFERENCES public."Paciente"(id_usuario) DEFERRABLE;


--
-- Name: Notificacao Notificacao_id_usuario_fkey; Type: FK CONSTRAINT; Schema: public; Owner: postgres
--

ALTER TABLE ONLY public."Notificacao"
    ADD CONSTRAINT "Notificacao_id_usuario_fkey" FOREIGN KEY (id_usuario) REFERENCES public."Usuario"(id) DEFERRABLE;


--
-- Name: Paciente Paciente_id_usuario_fkey; Type: FK CONSTRAINT; Schema: public; Owner: postgres
--

ALTER TABLE ONLY public."Paciente"
    ADD CONSTRAINT "Paciente_id_usuario_fkey" FOREIGN KEY (id_usuario) REFERENCES public."Usuario"(id) DEFERRABLE;


--
-- Name: Prescricao Prescricao_id_paciente_fkey; Type: FK CONSTRAINT; Schema: public; Owner: postgres
--

ALTER TABLE ONLY public."Prescricao"
    ADD CONSTRAINT "Prescricao_id_paciente_fkey" FOREIGN KEY (id_paciente) REFERENCES public."Paciente"(id_usuario) DEFERRABLE;


--
-- Name: Prescricao Prescricao_id_profissional_fkey; Type: FK CONSTRAINT; Schema: public; Owner: postgres
--

ALTER TABLE ONLY public."Prescricao"
    ADD CONSTRAINT "Prescricao_id_profissional_fkey" FOREIGN KEY (id_profissional) REFERENCES public."Profissional_Saude"(id_usuario) DEFERRABLE;


--
-- Name: Profissional_Saude Profissional_Saude_id_usuario_fkey; Type: FK CONSTRAINT; Schema: public; Owner: postgres
--

ALTER TABLE ONLY public."Profissional_Saude"
    ADD CONSTRAINT "Profissional_Saude_id_usuario_fkey" FOREIGN KEY (id_usuario) REFERENCES public."Usuario"(id) DEFERRABLE;


--
-- Name: Telefone_Usuario Telefone_Usuario_id_usuario_fkey; Type: FK CONSTRAINT; Schema: public; Owner: postgres
--

ALTER TABLE ONLY public."Telefone_Usuario"
    ADD CONSTRAINT "Telefone_Usuario_id_usuario_fkey" FOREIGN KEY (id_usuario) REFERENCES public."Usuario"(id) DEFERRABLE;


--
-- PostgreSQL database dump complete
--

\unrestrict aA43F6twRo9Z0pF9BKPp7LhHK3XWUe9xwrOH70hb3daCd3ocdICWibrPnU3rcnX

